INSERT INTO VA_NATURE_DEPENSE(IDENTIFIANT,CODE,LIBELLE) VALUES ('1','1','Personnel');
INSERT INTO VA_NATURE_DEPENSE(IDENTIFIANT,CODE,LIBELLE) VALUES ('2','2','Biens e services');
INSERT INTO VA_NATURE_DEPENSE(IDENTIFIANT,CODE,LIBELLE) VALUES ('3','3','Investissement');
INSERT INTO VA_NATURE_DEPENSE(IDENTIFIANT,CODE,LIBELLE) VALUES ('4','4','Transfert');

INSERT INTO VA_SECTION(IDENTIFIANT,CODE,LIBELLE) VALUES ('S01','S01','Section 01');

-- Budgetary Act 1
INSERT INTO TA_ACTE(IDENTIFIANT,CODE,LIBELLE) VALUES ('AB01','AB01','Acte budgétaire 1');
-- 		Version 1
INSERT INTO TA_VERSION_ACTE(IDENTIFIANT,CODE,LIBELLE,ACTE,NUMERO) VALUES ('VAB01_01','VAB01_01','Version 01','AB01',1);
--			Expenditures
--				Activity A01
INSERT INTO TA_LIGNE_DEPENSE(IDENTIFIANT,ACTIVITE,NATURE_ECONOMIQUE,SOURCE_FINANCEMENT,BAILLEUR,VERSION_ACTE,AJUSTEMENT_AE,AJUSTEMENT_CP) VALUES ('1','A01','NE01','SF01','B01','VAB01_01',0,0);
INSERT INTO VA_LIGNE_DEPENSE(IDENTIFIANT,IDENTIFIANT_ND,IDENTIFIANT_USB) VALUES ('1','P','22086');
INSERT INTO TA_LIGNE_DEPENSE(IDENTIFIANT,ACTIVITE,NATURE_ECONOMIQUE,SOURCE_FINANCEMENT,BAILLEUR,VERSION_ACTE,AJUSTEMENT_AE,AJUSTEMENT_CP) VALUES ('2','A01','NE02','SF01','B01','VAB01_01',0,0);
INSERT INTO TA_LIGNE_DEPENSE(IDENTIFIANT,ACTIVITE,NATURE_ECONOMIQUE,SOURCE_FINANCEMENT,BAILLEUR,VERSION_ACTE,AJUSTEMENT_AE,AJUSTEMENT_CP) VALUES ('3','A01','NE03','SF01','B01','VAB01_01',0,0);
INSERT INTO TA_LIGNE_DEPENSE(IDENTIFIANT,ACTIVITE,NATURE_ECONOMIQUE,SOURCE_FINANCEMENT,BAILLEUR,VERSION_ACTE,AJUSTEMENT_AE,AJUSTEMENT_CP) VALUES ('4','A01','NE04','SF01','B01','VAB01_01',0,0);
--				Activity A02
INSERT INTO TA_LIGNE_DEPENSE(IDENTIFIANT,ACTIVITE,NATURE_ECONOMIQUE,SOURCE_FINANCEMENT,BAILLEUR,VERSION_ACTE,AJUSTEMENT_AE,AJUSTEMENT_CP) VALUES ('5','A02','NE01','SF01','B01','VAB01_01',0,0);
INSERT INTO TA_LIGNE_DEPENSE(IDENTIFIANT,ACTIVITE,NATURE_ECONOMIQUE,SOURCE_FINANCEMENT,BAILLEUR,VERSION_ACTE,AJUSTEMENT_AE,AJUSTEMENT_CP) VALUES ('6','A02','NE02','SF01','B01','VAB01_01',0,0);
INSERT INTO TA_LIGNE_DEPENSE(IDENTIFIANT,ACTIVITE,NATURE_ECONOMIQUE,SOURCE_FINANCEMENT,BAILLEUR,VERSION_ACTE,AJUSTEMENT_AE,AJUSTEMENT_CP) VALUES ('7','A02','NE03','SF01','B01','VAB01_01',0,0);
INSERT INTO TA_LIGNE_DEPENSE(IDENTIFIANT,ACTIVITE,NATURE_ECONOMIQUE,SOURCE_FINANCEMENT,BAILLEUR,VERSION_ACTE,AJUSTEMENT_AE,AJUSTEMENT_CP) VALUES ('8','A02','NE04','SF01','B01','VAB01_01',0,0);
--				Activity A03
INSERT INTO TA_LIGNE_DEPENSE(IDENTIFIANT,ACTIVITE,NATURE_ECONOMIQUE,SOURCE_FINANCEMENT,BAILLEUR,VERSION_ACTE,AJUSTEMENT_AE,AJUSTEMENT_CP) VALUES ('9','A03','NE01','SF02','B01','VAB01_01',0,0);
INSERT INTO TA_LIGNE_DEPENSE(IDENTIFIANT,ACTIVITE,NATURE_ECONOMIQUE,SOURCE_FINANCEMENT,BAILLEUR,VERSION_ACTE,AJUSTEMENT_AE,AJUSTEMENT_CP) VALUES ('10','A03','NE05','SF01','B01','VAB01_01',0,0);
INSERT INTO TA_LIGNE_DEPENSE(IDENTIFIANT,ACTIVITE,NATURE_ECONOMIQUE,SOURCE_FINANCEMENT,BAILLEUR,VERSION_ACTE,AJUSTEMENT_AE,AJUSTEMENT_CP) VALUES ('11','A03','NE06','SF01','B01','VAB01_01',0,0);
INSERT INTO TA_LIGNE_DEPENSE(IDENTIFIANT,ACTIVITE,NATURE_ECONOMIQUE,SOURCE_FINANCEMENT,BAILLEUR,VERSION_ACTE,AJUSTEMENT_AE,AJUSTEMENT_CP) VALUES ('12','A03','NE04','SF03','B01','VAB01_01',0,0);
--				Activity A04
INSERT INTO TA_LIGNE_DEPENSE(IDENTIFIANT,ACTIVITE,NATURE_ECONOMIQUE,SOURCE_FINANCEMENT,BAILLEUR,VERSION_ACTE,AJUSTEMENT_AE,AJUSTEMENT_CP) VALUES ('13','A04','NE01','SF02','B02','VAB01_01',0,0);
INSERT INTO TA_LIGNE_DEPENSE(IDENTIFIANT,ACTIVITE,NATURE_ECONOMIQUE,SOURCE_FINANCEMENT,BAILLEUR,VERSION_ACTE,AJUSTEMENT_AE,AJUSTEMENT_CP) VALUES ('14','A04','NE05','SF01','B01','VAB01_01',0,0);
INSERT INTO TA_LIGNE_DEPENSE(IDENTIFIANT,ACTIVITE,NATURE_ECONOMIQUE,SOURCE_FINANCEMENT,BAILLEUR,VERSION_ACTE,AJUSTEMENT_AE,AJUSTEMENT_CP) VALUES ('15','A04','NE06','SF01','B02','VAB01_01',0,0);
INSERT INTO TA_LIGNE_DEPENSE(IDENTIFIANT,ACTIVITE,NATURE_ECONOMIQUE,SOURCE_FINANCEMENT,BAILLEUR,VERSION_ACTE,AJUSTEMENT_AE,AJUSTEMENT_CP) VALUES ('16','A04','NE04','SF03','B02','VAB01_01',0,0);
-- 		Version 2
INSERT INTO TA_VERSION_ACTE(IDENTIFIANT,CODE,LIBELLE,ACTE,NUMERO) VALUES ('VAB01_02','VAB01_02','Version 02','AB01',1);
--			Expenditures
--				Activity A01
INSERT INTO TA_LIGNE_DEPENSE(IDENTIFIANT,ACTIVITE,NATURE_ECONOMIQUE,SOURCE_FINANCEMENT,BAILLEUR,VERSION_ACTE,AJUSTEMENT_AE,AJUSTEMENT_CP) VALUES ('17','A01','NE01','SF01','B01','VAB01_02',0,0);
INSERT INTO TA_LIGNE_DEPENSE(IDENTIFIANT,ACTIVITE,NATURE_ECONOMIQUE,SOURCE_FINANCEMENT,BAILLEUR,VERSION_ACTE,AJUSTEMENT_AE,AJUSTEMENT_CP) VALUES ('18','A01','NE02','SF01','B01','VAB01_02',0,0);
INSERT INTO TA_LIGNE_DEPENSE(IDENTIFIANT,ACTIVITE,NATURE_ECONOMIQUE,SOURCE_FINANCEMENT,BAILLEUR,VERSION_ACTE,AJUSTEMENT_AE,AJUSTEMENT_CP) VALUES ('19','A01','NE03','SF01','B01','VAB01_02',0,0);
INSERT INTO TA_LIGNE_DEPENSE(IDENTIFIANT,ACTIVITE,NATURE_ECONOMIQUE,SOURCE_FINANCEMENT,BAILLEUR,VERSION_ACTE,AJUSTEMENT_AE,AJUSTEMENT_CP) VALUES ('20','A01','NE04','SF01','B01','VAB01_02',0,0);
--				Activity A02
INSERT INTO TA_LIGNE_DEPENSE(IDENTIFIANT,ACTIVITE,NATURE_ECONOMIQUE,SOURCE_FINANCEMENT,BAILLEUR,VERSION_ACTE,AJUSTEMENT_AE,AJUSTEMENT_CP) VALUES ('21','A02','NE01','SF01','B01','VAB01_02',0,0);
INSERT INTO TA_LIGNE_DEPENSE(IDENTIFIANT,ACTIVITE,NATURE_ECONOMIQUE,SOURCE_FINANCEMENT,BAILLEUR,VERSION_ACTE,AJUSTEMENT_AE,AJUSTEMENT_CP) VALUES ('22','A02','NE02','SF01','B01','VAB01_02',0,0);
INSERT INTO TA_LIGNE_DEPENSE(IDENTIFIANT,ACTIVITE,NATURE_ECONOMIQUE,SOURCE_FINANCEMENT,BAILLEUR,VERSION_ACTE,AJUSTEMENT_AE,AJUSTEMENT_CP) VALUES ('23','A02','NE03','SF01','B01','VAB01_02',0,0);
INSERT INTO TA_LIGNE_DEPENSE(IDENTIFIANT,ACTIVITE,NATURE_ECONOMIQUE,SOURCE_FINANCEMENT,BAILLEUR,VERSION_ACTE,AJUSTEMENT_AE,AJUSTEMENT_CP) VALUES ('24','A02','NE04','SF01','B01','VAB01_02',0,0);
--				Activity A03
INSERT INTO TA_LIGNE_DEPENSE(IDENTIFIANT,ACTIVITE,NATURE_ECONOMIQUE,SOURCE_FINANCEMENT,BAILLEUR,VERSION_ACTE,AJUSTEMENT_AE,AJUSTEMENT_CP) VALUES ('25','A03','NE01','SF02','B01','VAB01_02',0,0);
INSERT INTO TA_LIGNE_DEPENSE(IDENTIFIANT,ACTIVITE,NATURE_ECONOMIQUE,SOURCE_FINANCEMENT,BAILLEUR,VERSION_ACTE,AJUSTEMENT_AE,AJUSTEMENT_CP) VALUES ('26','A03','NE05','SF01','B01','VAB01_02',0,0);
INSERT INTO TA_LIGNE_DEPENSE(IDENTIFIANT,ACTIVITE,NATURE_ECONOMIQUE,SOURCE_FINANCEMENT,BAILLEUR,VERSION_ACTE,AJUSTEMENT_AE,AJUSTEMENT_CP) VALUES ('27','A03','NE06','SF01','B01','VAB01_02',0,0);
INSERT INTO TA_LIGNE_DEPENSE(IDENTIFIANT,ACTIVITE,NATURE_ECONOMIQUE,SOURCE_FINANCEMENT,BAILLEUR,VERSION_ACTE,AJUSTEMENT_AE,AJUSTEMENT_CP) VALUES ('28','A03','NE04','SF03','B01','VAB01_02',0,0);
--				Activity A04
INSERT INTO TA_LIGNE_DEPENSE(IDENTIFIANT,ACTIVITE,NATURE_ECONOMIQUE,SOURCE_FINANCEMENT,BAILLEUR,VERSION_ACTE,AJUSTEMENT_AE,AJUSTEMENT_CP) VALUES ('29','A04','NE01','SF02','B02','VAB01_02',0,0);
INSERT INTO TA_LIGNE_DEPENSE(IDENTIFIANT,ACTIVITE,NATURE_ECONOMIQUE,SOURCE_FINANCEMENT,BAILLEUR,VERSION_ACTE,AJUSTEMENT_AE,AJUSTEMENT_CP) VALUES ('30','A04','NE05','SF01','B01','VAB01_02',0,0);
INSERT INTO TA_LIGNE_DEPENSE(IDENTIFIANT,ACTIVITE,NATURE_ECONOMIQUE,SOURCE_FINANCEMENT,BAILLEUR,VERSION_ACTE,AJUSTEMENT_AE,AJUSTEMENT_CP) VALUES ('31','A04','NE06','SF01','B02','VAB01_02',0,0);
INSERT INTO TA_LIGNE_DEPENSE(IDENTIFIANT,ACTIVITE,NATURE_ECONOMIQUE,SOURCE_FINANCEMENT,BAILLEUR,VERSION_ACTE,AJUSTEMENT_AE,AJUSTEMENT_CP) VALUES ('32','A04','NE04','SF03','B02','VAB01_02',0,0);
-- Budgetary Act 2
INSERT INTO TA_ACTE(IDENTIFIANT,CODE,LIBELLE) VALUES ('AB02','AB02','Acte budgétaire 2');
-- 		Version 1
INSERT INTO TA_VERSION_ACTE(IDENTIFIANT,CODE,LIBELLE,ACTE,NUMERO) VALUES ('VAB02_01','VAB02_01','Version 01','AB02',1);
--			Expenditures
--				Activity A01
INSERT INTO TA_LIGNE_DEPENSE(IDENTIFIANT,ACTIVITE,NATURE_ECONOMIQUE,SOURCE_FINANCEMENT,BAILLEUR,VERSION_ACTE,AJUSTEMENT_AE,AJUSTEMENT_CP) VALUES ('33','A01','NE01','SF01','B01','VAB02_01',0,0);
INSERT INTO TA_LIGNE_DEPENSE(IDENTIFIANT,ACTIVITE,NATURE_ECONOMIQUE,SOURCE_FINANCEMENT,BAILLEUR,VERSION_ACTE,AJUSTEMENT_AE,AJUSTEMENT_CP) VALUES ('34','A01','NE02','SF01','B01','VAB02_01',0,0);
INSERT INTO TA_LIGNE_DEPENSE(IDENTIFIANT,ACTIVITE,NATURE_ECONOMIQUE,SOURCE_FINANCEMENT,BAILLEUR,VERSION_ACTE,AJUSTEMENT_AE,AJUSTEMENT_CP) VALUES ('35','A01','NE03','SF01','B01','VAB02_01',0,0);
INSERT INTO TA_LIGNE_DEPENSE(IDENTIFIANT,ACTIVITE,NATURE_ECONOMIQUE,SOURCE_FINANCEMENT,BAILLEUR,VERSION_ACTE,AJUSTEMENT_AE,AJUSTEMENT_CP) VALUES ('36','A01','NE04','SF01','B01','VAB02_01',0,0);
--				Activity A02
INSERT INTO TA_LIGNE_DEPENSE(IDENTIFIANT,ACTIVITE,NATURE_ECONOMIQUE,SOURCE_FINANCEMENT,BAILLEUR,VERSION_ACTE,AJUSTEMENT_AE,AJUSTEMENT_CP) VALUES ('37','A02','NE01','SF01','B01','VAB02_01',0,0);
INSERT INTO TA_LIGNE_DEPENSE(IDENTIFIANT,ACTIVITE,NATURE_ECONOMIQUE,SOURCE_FINANCEMENT,BAILLEUR,VERSION_ACTE,AJUSTEMENT_AE,AJUSTEMENT_CP) VALUES ('38','A02','NE02','SF01','B01','VAB02_01',0,0);
INSERT INTO TA_LIGNE_DEPENSE(IDENTIFIANT,ACTIVITE,NATURE_ECONOMIQUE,SOURCE_FINANCEMENT,BAILLEUR,VERSION_ACTE,AJUSTEMENT_AE,AJUSTEMENT_CP) VALUES ('39','A02','NE03','SF01','B01','VAB02_01',0,0);
INSERT INTO TA_LIGNE_DEPENSE(IDENTIFIANT,ACTIVITE,NATURE_ECONOMIQUE,SOURCE_FINANCEMENT,BAILLEUR,VERSION_ACTE,AJUSTEMENT_AE,AJUSTEMENT_CP) VALUES ('40','A02','NE04','SF01','B01','VAB02_01',0,0);
--				Activity A03
INSERT INTO TA_LIGNE_DEPENSE(IDENTIFIANT,ACTIVITE,NATURE_ECONOMIQUE,SOURCE_FINANCEMENT,BAILLEUR,VERSION_ACTE,AJUSTEMENT_AE,AJUSTEMENT_CP) VALUES ('41','A03','NE01','SF02','B01','VAB02_01',0,0);
INSERT INTO TA_LIGNE_DEPENSE(IDENTIFIANT,ACTIVITE,NATURE_ECONOMIQUE,SOURCE_FINANCEMENT,BAILLEUR,VERSION_ACTE,AJUSTEMENT_AE,AJUSTEMENT_CP) VALUES ('42','A03','NE05','SF01','B01','VAB02_01',0,0);
INSERT INTO TA_LIGNE_DEPENSE(IDENTIFIANT,ACTIVITE,NATURE_ECONOMIQUE,SOURCE_FINANCEMENT,BAILLEUR,VERSION_ACTE,AJUSTEMENT_AE,AJUSTEMENT_CP) VALUES ('43','A03','NE06','SF01','B01','VAB02_01',0,0);
INSERT INTO TA_LIGNE_DEPENSE(IDENTIFIANT,ACTIVITE,NATURE_ECONOMIQUE,SOURCE_FINANCEMENT,BAILLEUR,VERSION_ACTE,AJUSTEMENT_AE,AJUSTEMENT_CP) VALUES ('44','A03','NE04','SF03','B01','VAB02_01',0,0);
--				Activity A04
INSERT INTO TA_LIGNE_DEPENSE(IDENTIFIANT,ACTIVITE,NATURE_ECONOMIQUE,SOURCE_FINANCEMENT,BAILLEUR,VERSION_ACTE,AJUSTEMENT_AE,AJUSTEMENT_CP) VALUES ('45','A04','NE01','SF02','B02','VAB02_01',0,0);
INSERT INTO TA_LIGNE_DEPENSE(IDENTIFIANT,ACTIVITE,NATURE_ECONOMIQUE,SOURCE_FINANCEMENT,BAILLEUR,VERSION_ACTE,AJUSTEMENT_AE,AJUSTEMENT_CP) VALUES ('46','A04','NE05','SF01','B01','VAB02_01',0,0);
INSERT INTO TA_LIGNE_DEPENSE(IDENTIFIANT,ACTIVITE,NATURE_ECONOMIQUE,SOURCE_FINANCEMENT,BAILLEUR,VERSION_ACTE,AJUSTEMENT_AE,AJUSTEMENT_CP) VALUES ('47','A04','NE06','SF01','B02','VAB02_01',0,0);
INSERT INTO TA_LIGNE_DEPENSE(IDENTIFIANT,ACTIVITE,NATURE_ECONOMIQUE,SOURCE_FINANCEMENT,BAILLEUR,VERSION_ACTE,AJUSTEMENT_AE,AJUSTEMENT_CP) VALUES ('48','A04','NE04','SF03','B02','VAB02_01',0,0);