INSERT INTO VMA_EXERCICE(IDENTIFIANT,CODE,LIBELLE,ANNEE) VALUES ('2021','2021','Exercice budgétaire 2021',2021);
INSERT INTO VMA_EXERCICE(IDENTIFIANT,CODE,LIBELLE,ANNEE) VALUES ('2022','2022','Exercice budgétaire 2022',2022);

INSERT INTO TA_COLLECTIF(IDENTIFIANT,CODE,LIBELLE,EXERCICE,AUDIT_ACTEUR,AUDIT_ACTION,AUDIT_DATE,AUDIT_FONCTIONNALITE,EN_COURS) VALUES ('1','1','1','2021','christian','MODIFICATION', DATE '2000-1-1','AJUSTEMENT',1);
INSERT INTO TA_VERSION_COLLECTIF(IDENTIFIANT,CODE,LIBELLE,COLLECTIF,NUMERO,AUDIT_ACTEUR,AUDIT_ACTION,AUDIT_DATE,AUDIT_FONCTIONNALITE) VALUES ('1','1','1','1',1,'christian','CREATION', DATE '2000-1-1','CREATION');
INSERT INTO TA_DEPENSE(IDENTIFIANT,ACTIVITE,NATURE_ECONOMIQUE,SOURCE_FINANCEMENT,BAILLEUR,VERSION_COLLECTIF,AJUSTEMENT_AE,AJUSTEMENT_CP,AUDIT_ACTEUR,AUDIT_ACTION,AUDIT_DATE,AUDIT_FONCTIONNALITE) VALUES ('1','1','1','1','1','1',0,0,'christian','MODIFICATION', DATE '2000-1-1','AJUSTEMENT');
INSERT INTO TA_DEPENSE(IDENTIFIANT,ACTIVITE,NATURE_ECONOMIQUE,SOURCE_FINANCEMENT,BAILLEUR,VERSION_COLLECTIF,AJUSTEMENT_AE,AJUSTEMENT_CP,AUDIT_ACTEUR,AUDIT_ACTION,AUDIT_DATE,AUDIT_FONCTIONNALITE) VALUES ('2','2','1','1','1','1',0,0,'christian','MODIFICATION', DATE '2000-1-1','AJUSTEMENT');
-- identifier not exist
-- identifier available not enough
INSERT INTO TA_DEPENSE(IDENTIFIANT,ACTIVITE,NATURE_ECONOMIQUE,SOURCE_FINANCEMENT,BAILLEUR,VERSION_COLLECTIF,AJUSTEMENT_AE,AJUSTEMENT_CP,AUDIT_ACTEUR,AUDIT_ACTION,AUDIT_DATE,AUDIT_FONCTIONNALITE) VALUES ('identifier_available_not_enough','3','1','1','1','1',0,0,'christian','MODIFICATION', DATE '2000-1-1','AJUSTEMENT');
INSERT into VA_DEPENSE_DISPONIBLE (IDENTIFIANT,AE,CP) VALUES ('identifier_available_not_enough',0,0);

-- Available not monitorable

INSERT INTO TA_COLLECTIF(IDENTIFIANT,CODE,LIBELLE,EXERCICE,AUDIT_ACTEUR,AUDIT_ACTION,AUDIT_DATE,AUDIT_FONCTIONNALITE,EN_COURS,DISPONIBLE_SURVEILLABLE) VALUES ('2022_1','2022_1','2022_1','2022','christian','MODIFICATION', DATE '2000-1-1','CREATION',1,0);
INSERT INTO TA_VERSION_COLLECTIF(IDENTIFIANT,CODE,LIBELLE,COLLECTIF,NUMERO,AUDIT_ACTEUR,AUDIT_ACTION,AUDIT_DATE,AUDIT_FONCTIONNALITE) VALUES ('2022_1_1','2022_1_1','2022_1_1','2022_1',1,'christian','CREATION', DATE '2000-1-1','CREATION');
INSERT INTO TA_DEPENSE(IDENTIFIANT,ACTIVITE,NATURE_ECONOMIQUE,SOURCE_FINANCEMENT,BAILLEUR,VERSION_COLLECTIF,AJUSTEMENT_AE,AJUSTEMENT_CP,AUDIT_ACTEUR,AUDIT_ACTION,AUDIT_DATE,AUDIT_FONCTIONNALITE) VALUES ('2022_1_1_1','1','1','1','1','2022_1_1',0,0,'christian','MODIFICATION', DATE '2000-1-1','AJUSTEMENT');
INSERT into VA_DEPENSE_DISPONIBLE (IDENTIFIANT,AE,CP) VALUES ('2022_1_1_1',0,0);
INSERT INTO TA_DEPENSE(IDENTIFIANT,ACTIVITE,NATURE_ECONOMIQUE,SOURCE_FINANCEMENT,BAILLEUR,VERSION_COLLECTIF,AJUSTEMENT_AE,AJUSTEMENT_CP,AUDIT_ACTEUR,AUDIT_ACTION,AUDIT_DATE,AUDIT_FONCTIONNALITE) VALUES ('2022_1_1_2','2','1','1','1','2022_1_1',0,0,'christian','MODIFICATION', DATE '2000-1-1','AJUSTEMENT');
INSERT into VA_DEPENSE_DISPONIBLE (IDENTIFIANT,AE,CP) VALUES ('2022_1_1_2',0,0);