DROP ALIAS IF EXISTS PA_ACTUALISER_VM;
CREATE ALIAS PA_ACTUALISER_VM FOR "ci.gouv.dgbf.system.collectif.server.impl.ExpenditureTest.PA_ACTUALISER_VM";

INSERT INTO VMA_EXERCICE(IDENTIFIANT,CODE,LIBELLE,ANNEE) VALUES ('2020','2020','Exercice budgétaire 2020',2020);
INSERT INTO VMA_EXERCICE(IDENTIFIANT,CODE,LIBELLE,ANNEE) VALUES ('2021','2021','Exercice budgétaire 2021',2021);
INSERT INTO VMA_EXERCICE(IDENTIFIANT,CODE,LIBELLE,ANNEE) VALUES ('2022','2022','Exercice budgétaire 2022',2022);

INSERT INTO VMA_DEPENSE(IDENTIFIANT,VERSION_COLLECTIF,ACTIVITE_IDENTIFIANT,NATURE_ECONOMIQUE_IDENTIFIANT,SOURCE_FINANCEMENT_IDENTIFIANT,BAILLEUR_IDENTIFIANT) VALUES ('2021_1_1_1','2021_1_1','1','1','1','1');
INSERT INTO VMA_DEPENSE(IDENTIFIANT,VERSION_COLLECTIF) VALUES ('2021_1_1_2','2021_1_1');
INSERT INTO VMA_DEPENSE(IDENTIFIANT,VERSION_COLLECTIF) VALUES ('2021_1_1_3','2021_1_1');
INSERT INTO VMA_DEPENSE(IDENTIFIANT,VERSION_COLLECTIF) VALUES ('2021_1_1_4','2021_1_1');
INSERT INTO VMA_DEPENSE(IDENTIFIANT,VERSION_COLLECTIF) VALUES ('2021_1_1_5','2021_1_1');

INSERT INTO VMA_DEPENSE(IDENTIFIANT,VERSION_COLLECTIF,ACTIVITE_IDENTIFIANT,NATURE_ECONOMIQUE_IDENTIFIANT,SOURCE_FINANCEMENT_IDENTIFIANT,BAILLEUR_IDENTIFIANT) VALUES ('2021_1_2_1','2021_1_2','1','1','1','1');
INSERT INTO VMA_DEPENSE(IDENTIFIANT,VERSION_COLLECTIF,ACTIVITE_IDENTIFIANT,NATURE_ECONOMIQUE_IDENTIFIANT,SOURCE_FINANCEMENT_IDENTIFIANT,BAILLEUR_IDENTIFIANT) VALUES ('2021_1_2_2','2021_1_2','2','1','1','1');
INSERT INTO VMA_DEPENSE(IDENTIFIANT,VERSION_COLLECTIF,ACTIVITE_IDENTIFIANT,NATURE_ECONOMIQUE_IDENTIFIANT,SOURCE_FINANCEMENT_IDENTIFIANT,BAILLEUR_IDENTIFIANT) VALUES ('2021_1_2_3','2021_1_2','3','1','1','1');
INSERT INTO VMA_DEPENSE(IDENTIFIANT,VERSION_COLLECTIF,ACTIVITE_IDENTIFIANT,NATURE_ECONOMIQUE_IDENTIFIANT,SOURCE_FINANCEMENT_IDENTIFIANT,BAILLEUR_IDENTIFIANT) VALUES ('2021_1_2_4','2021_1_2','4','1','1','1');
INSERT INTO VMA_DEPENSE(IDENTIFIANT,VERSION_COLLECTIF,ACTIVITE_IDENTIFIANT,NATURE_ECONOMIQUE_IDENTIFIANT,SOURCE_FINANCEMENT_IDENTIFIANT,BAILLEUR_IDENTIFIANT) VALUES ('2021_1_2_5','2021_1_2','5','1','1','1');

INSERT INTO VMA_DEPENSE(IDENTIFIANT,VERSION_COLLECTIF,ACTIVITE_IDENTIFIANT,NATURE_ECONOMIQUE_IDENTIFIANT,SOURCE_FINANCEMENT_IDENTIFIANT,BAILLEUR_IDENTIFIANT,BUDGET_INITIAL_AE,BUDGET_INITIAL_CP,BUDGET_ACTUEL_AE,BUDGET_ACTUEL_CP,MOUVEMENT_AE,MOUVEMENT_CP) VALUES ('2022_1_2_1','2022_1_2','1','1','1','1',1,3,2,5,1,2);
INSERT INTO VMA_DEPENSE(IDENTIFIANT,VERSION_COLLECTIF,ACTIVITE_IDENTIFIANT,NATURE_ECONOMIQUE_IDENTIFIANT,SOURCE_FINANCEMENT_IDENTIFIANT,BAILLEUR_IDENTIFIANT) VALUES ('2022_1_2_2','2022_1_2','2','1','1','1');
INSERT INTO VMA_DEPENSE(IDENTIFIANT,VERSION_COLLECTIF,ACTIVITE_IDENTIFIANT,NATURE_ECONOMIQUE_IDENTIFIANT,SOURCE_FINANCEMENT_IDENTIFIANT,BAILLEUR_IDENTIFIANT,BUDGET_INITIAL_AE,BUDGET_ACTUEL_AE,MOUVEMENT_AE) VALUES ('2022_1_2_3','2022_1_2','3','1','1','1',10,17,7);
INSERT INTO VMA_DEPENSE(IDENTIFIANT,VERSION_COLLECTIF,ACTIVITE_IDENTIFIANT,NATURE_ECONOMIQUE_IDENTIFIANT,SOURCE_FINANCEMENT_IDENTIFIANT,BAILLEUR_IDENTIFIANT) VALUES ('2022_1_2_4','2022_1_2','4','1','1','1');
INSERT INTO VMA_DEPENSE(IDENTIFIANT,VERSION_COLLECTIF,ACTIVITE_IDENTIFIANT,NATURE_ECONOMIQUE_IDENTIFIANT,SOURCE_FINANCEMENT_IDENTIFIANT,BAILLEUR_IDENTIFIANT) VALUES ('2022_1_2_5','2022_1_2','5','1','1','1');

INSERT INTO VMA_DEPENSE(IDENTIFIANT,VERSION_COLLECTIF,ACTIVITE_IDENTIFIANT,NATURE_ECONOMIQUE_IDENTIFIANT,SOURCE_FINANCEMENT_IDENTIFIANT,BAILLEUR_IDENTIFIANT,BUDGET_INITIAL_AE,BUDGET_INITIAL_CP,MOUVEMENT_AE,MOUVEMENT_CP,BUDGET_ACTUEL_AE,BUDGET_ACTUEL_CP) VALUES ('2022_1_2_9','2022_1_2','9','1','1','1',null,2,null,10,0,12);

INSERT INTO VA_DEPENSE_DISPONIBLE(IDENTIFIANT,EXERCICE,ACTIVITE,NATURE_ECONOMIQUE,SOURCE_FINANCEMENT,BAILLEUR,AE,CP) VALUES ('2022_1_2_1',2022,'1','1','1','1',4,5);
INSERT INTO VA_DEPENSE_DISPONIBLE(IDENTIFIANT,AE,EXERCICE,ACTIVITE,NATURE_ECONOMIQUE,SOURCE_FINANCEMENT,BAILLEUR) VALUES ('2022_1_2_3',5,2022,'3','1','1','1');
INSERT INTO VA_DEPENSE_DISPONIBLE(IDENTIFIANT,EXERCICE,ACTIVITE,NATURE_ECONOMIQUE,SOURCE_FINANCEMENT,BAILLEUR,AE,CP) VALUES ('3',2022,'9','1','1','1',-100,-100);

INSERT INTO VA_DEPENSE_MOUVEMENT_INCLUS(IDENTIFIANT,AE,CP) VALUES ('2022_1_2_9',0,0);
INSERT INTO VA_DEPENSE_MOUVEMENT_INCLUS(IDENTIFIANT,AE,CP) VALUES ('2022_1_2_3',-25,-25);
INSERT INTO VA_DEPENSE_MOUVEMENT_INCLUS(IDENTIFIANT,AE,CP) VALUES ('2022_1_2_4',1,1);
INSERT INTO VA_DEPENSE_MOUVEMENT_INCLUS(IDENTIFIANT,AE,CP) VALUES ('2022_1_2_5',1,1);

INSERT INTO VA_DEPENSE_IMPORTEE(IDENTIFIANT,VERSION_COLLECTIF) VALUES ('2021_1_1_1','2021_1_1');
INSERT INTO VA_DEPENSE_IMPORTEE(IDENTIFIANT,VERSION_COLLECTIF) VALUES ('2021_1_1_2','2021_1_1');
INSERT INTO VA_DEPENSE_IMPORTEE(IDENTIFIANT,VERSION_COLLECTIF) VALUES ('2021_1_1_3','2021_1_1');
INSERT INTO VA_DEPENSE_IMPORTEE(IDENTIFIANT,VERSION_COLLECTIF) VALUES ('2021_1_1_4','2021_1_1');
INSERT INTO VA_DEPENSE_IMPORTEE(IDENTIFIANT,VERSION_COLLECTIF) VALUES ('2021_1_1_5','2021_1_1');

INSERT INTO VA_DEPENSE_IMPORTABLE(IDENTIFIANT,VERSION_COLLECTIF,ACTIVITE_IDENTIFIANT,NATURE_ECONOMIQUE_IDENTIFIANT,SOURCE_FINANCEMENT_IDENTIFIANT,BAILLEUR_IDENTIFIANT) VALUES ('2021_1_2_1','2021_1_2','1','1','1','1');
INSERT INTO VA_DEPENSE_IMPORTABLE(IDENTIFIANT,VERSION_COLLECTIF,ACTIVITE_IDENTIFIANT,NATURE_ECONOMIQUE_IDENTIFIANT,SOURCE_FINANCEMENT_IDENTIFIANT,BAILLEUR_IDENTIFIANT) VALUES ('2021_1_2_2','2021_1_2','2','1','1','1');
INSERT INTO VA_DEPENSE_IMPORTABLE(IDENTIFIANT,VERSION_COLLECTIF,ACTIVITE_IDENTIFIANT,NATURE_ECONOMIQUE_IDENTIFIANT,SOURCE_FINANCEMENT_IDENTIFIANT,BAILLEUR_IDENTIFIANT) VALUES ('2021_1_2_3','2021_1_2','3','1','1','1');
INSERT INTO VA_DEPENSE_IMPORTABLE(IDENTIFIANT,VERSION_COLLECTIF,ACTIVITE_IDENTIFIANT,NATURE_ECONOMIQUE_IDENTIFIANT,SOURCE_FINANCEMENT_IDENTIFIANT,BAILLEUR_IDENTIFIANT) VALUES ('2021_1_2_4','2021_1_2','4','1','1','1');
INSERT INTO VA_DEPENSE_IMPORTABLE(IDENTIFIANT,VERSION_COLLECTIF,ACTIVITE_IDENTIFIANT,NATURE_ECONOMIQUE_IDENTIFIANT,SOURCE_FINANCEMENT_IDENTIFIANT,BAILLEUR_IDENTIFIANT) VALUES ('2021_1_2_5','2021_1_2','5','1','1','1');

INSERT INTO TA_COLLECTIF(IDENTIFIANT,CODE,LIBELLE,EXERCICE,AUDIT_ACTEUR,AUDIT_ACTION,AUDIT_DATE,AUDIT_FONCTIONNALITE,EN_COURS,NUMERO,DATE_) VALUES ('2021_1','2021_1','2021_1','2021','christian','MODIFICATION', DATE '2000-1-1','AJUSTEMENT',1,1, DATE '2000-1-1');
INSERT INTO TA_VERSION_COLLECTIF(IDENTIFIANT,CODE,LIBELLE,COLLECTIF,NUMERO,AUDIT_ACTEUR,AUDIT_ACTION,AUDIT_DATE,AUDIT_FONCTIONNALITE) VALUES ('2021_1_1','2021_1_1','2021_1_1','2021_1',1,'christian','CREATION', DATE '2000-1-1','CREATION');
INSERT INTO TA_VERSION_COLLECTIF(IDENTIFIANT,CODE,LIBELLE,COLLECTIF,NUMERO,AUDIT_ACTEUR,AUDIT_ACTION,AUDIT_DATE,AUDIT_FONCTIONNALITE) VALUES ('2021_1_2','2021_1_2','2021_1_2','2021_1',2,'christian','CREATION', DATE '2000-1-1','CREATION');
INSERT INTO TA_VERSION_COLLECTIF(IDENTIFIANT,CODE,LIBELLE,COLLECTIF,NUMERO,AUDIT_ACTEUR,AUDIT_ACTION,AUDIT_DATE,AUDIT_FONCTIONNALITE) VALUES ('2021_1_running','2021_1_running','2021_1_running','2021_1',2,'christian','CREATION', DATE '2000-1-1','CREATION');

INSERT INTO TA_COLLECTIF(IDENTIFIANT,CODE,LIBELLE,EXERCICE,AUDIT_ACTEUR,AUDIT_ACTION,AUDIT_DATE,AUDIT_FONCTIONNALITE,EN_COURS,NUMERO,DATE_) VALUES ('2022_1','2022_1','2022_1','2022','christian','MODIFICATION', DATE '2000-1-1','AJUSTEMENT',1,1, DATE '2000-1-1');
INSERT INTO TA_VERSION_COLLECTIF(IDENTIFIANT,CODE,LIBELLE,COLLECTIF,NUMERO,AUDIT_ACTEUR,AUDIT_ACTION,AUDIT_DATE,AUDIT_FONCTIONNALITE) VALUES ('2022_1_1','2022_1_1','2022_1_1','2022_1',1,'christian','CREATION', DATE '2000-1-1','CREATION');
INSERT INTO TA_VERSION_COLLECTIF(IDENTIFIANT,CODE,LIBELLE,COLLECTIF,NUMERO,AUDIT_ACTEUR,AUDIT_ACTION,AUDIT_DATE,AUDIT_FONCTIONNALITE) VALUES ('2022_1_2','2022_1_2','2022_1_2','2022_1',2,'christian','CREATION', DATE '2000-1-1','CREATION');

INSERT INTO TA_DEPENSE(IDENTIFIANT,ACTIVITE,NATURE_ECONOMIQUE,SOURCE_FINANCEMENT,BAILLEUR,VERSION_COLLECTIF,AJUSTEMENT_AE,AJUSTEMENT_CP,AUDIT_ACTEUR,AUDIT_ACTION,AUDIT_DATE,AUDIT_FONCTIONNALITE)
	VALUES ('2022_1_2_1','1','1','1','1','2022_1_2',0,7,'christian','MODIFICATION', DATE '2000-1-1','AJUSTEMENT');
INSERT INTO TA_DEPENSE(IDENTIFIANT,ACTIVITE,NATURE_ECONOMIQUE,SOURCE_FINANCEMENT,BAILLEUR,VERSION_COLLECTIF,AJUSTEMENT_AE,AJUSTEMENT_CP,AUDIT_ACTEUR,AUDIT_ACTION,AUDIT_DATE,AUDIT_FONCTIONNALITE)
	VALUES ('2022_1_2_2','2','1','1','1','2022_1_2',0,0,'christian','MODIFICATION', DATE '2000-1-1','AJUSTEMENT');
INSERT INTO TA_DEPENSE(IDENTIFIANT,ACTIVITE,NATURE_ECONOMIQUE,SOURCE_FINANCEMENT,BAILLEUR,VERSION_COLLECTIF,AJUSTEMENT_AE,AJUSTEMENT_CP,AUDIT_ACTEUR,AUDIT_ACTION,AUDIT_DATE,AUDIT_FONCTIONNALITE) VALUES ('2022_1_2_3','3','1','1','1','2022_1_2',0,0,'christian','MODIFICATION', DATE '2000-1-1','AJUSTEMENT');
INSERT INTO TA_DEPENSE(IDENTIFIANT,ACTIVITE,NATURE_ECONOMIQUE,SOURCE_FINANCEMENT,BAILLEUR,VERSION_COLLECTIF,AJUSTEMENT_AE,AJUSTEMENT_CP,AUDIT_ACTEUR,AUDIT_ACTION,AUDIT_DATE,AUDIT_FONCTIONNALITE) VALUES ('2022_1_2_4','4','1','1','1','2022_1_2',0,0,'christian','MODIFICATION', DATE '2000-1-1','AJUSTEMENT');
INSERT INTO TA_DEPENSE(IDENTIFIANT,ACTIVITE,NATURE_ECONOMIQUE,SOURCE_FINANCEMENT,BAILLEUR,VERSION_COLLECTIF,AJUSTEMENT_AE,AJUSTEMENT_CP,AUDIT_ACTEUR,AUDIT_ACTION,AUDIT_DATE,AUDIT_FONCTIONNALITE) VALUES ('2022_1_2_5','5','1','1','1','2022_1_2',0,0,'christian','MODIFICATION', DATE '2000-1-1','AJUSTEMENT');
INSERT INTO TA_DEPENSE(IDENTIFIANT,ACTIVITE,NATURE_ECONOMIQUE,SOURCE_FINANCEMENT,BAILLEUR,VERSION_COLLECTIF,AJUSTEMENT_AE,AJUSTEMENT_CP,AUDIT_ACTEUR,AUDIT_ACTION,AUDIT_DATE,AUDIT_FONCTIONNALITE) VALUES ('2022_1_2_9','9','1','1','1','2022_1_2',33,0,'christian','MODIFICATION', DATE '2000-1-1','AJUSTEMENT');

INSERT INTO TA_VERSION_COLLECTIF(IDENTIFIANT,CODE,LIBELLE,COLLECTIF,NUMERO,AUDIT_ACTEUR,AUDIT_ACTION,AUDIT_DATE,AUDIT_FONCTIONNALITE) VALUES ('2022_1_3','2022_1_3','2022_1_3','2022_1',3,'christian','CREATION', DATE '2000-1-1','CREATION');
INSERT INTO TA_DEPENSE(IDENTIFIANT,ACTIVITE,NATURE_ECONOMIQUE,SOURCE_FINANCEMENT,BAILLEUR,VERSION_COLLECTIF,AJUSTEMENT_AE,AJUSTEMENT_CP,AUDIT_ACTEUR,AUDIT_ACTION,AUDIT_DATE,AUDIT_FONCTIONNALITE)
	VALUES ('2022_1_3_1','1','1','1','1','2022_1_3',0,0,'christian','MODIFICATION', DATE '2000-1-1','AJUSTEMENT');
INSERT INTO TA_DEPENSE(IDENTIFIANT,ACTIVITE,NATURE_ECONOMIQUE,SOURCE_FINANCEMENT,BAILLEUR,VERSION_COLLECTIF,AJUSTEMENT_AE,AJUSTEMENT_CP,AUDIT_ACTEUR,AUDIT_ACTION,AUDIT_DATE,AUDIT_FONCTIONNALITE)
	VALUES ('2022_1_3_2','2','1','1','1','2022_1_3',0,0,'christian','MODIFICATION', DATE '2000-1-1','AJUSTEMENT');
INSERT INTO TA_DEPENSE(IDENTIFIANT,ACTIVITE,NATURE_ECONOMIQUE,SOURCE_FINANCEMENT,BAILLEUR,VERSION_COLLECTIF,AJUSTEMENT_AE,AJUSTEMENT_CP,AUDIT_ACTEUR,AUDIT_ACTION,AUDIT_DATE,AUDIT_FONCTIONNALITE) VALUES ('2022_1_3_3','3','1','1','1','2022_1_3',0,0,'christian','MODIFICATION', DATE '2000-1-1','AJUSTEMENT');
INSERT INTO TA_DEPENSE(IDENTIFIANT,ACTIVITE,NATURE_ECONOMIQUE,SOURCE_FINANCEMENT,BAILLEUR,VERSION_COLLECTIF,AJUSTEMENT_AE,AJUSTEMENT_CP,AUDIT_ACTEUR,AUDIT_ACTION,AUDIT_DATE,AUDIT_FONCTIONNALITE) VALUES ('2022_1_3_4','4','1','1','1','2022_1_3',0,0,'christian','MODIFICATION', DATE '2000-1-1','AJUSTEMENT');
INSERT INTO TA_DEPENSE(IDENTIFIANT,ACTIVITE,NATURE_ECONOMIQUE,SOURCE_FINANCEMENT,BAILLEUR,VERSION_COLLECTIF,AJUSTEMENT_AE,AJUSTEMENT_CP,AUDIT_ACTEUR,AUDIT_ACTION,AUDIT_DATE,AUDIT_FONCTIONNALITE) VALUES ('2022_1_3_5','5','1','1','1','2022_1_3',0,0,'christian','MODIFICATION', DATE '2000-1-1','AJUSTEMENT');
INSERT INTO TA_DEPENSE(IDENTIFIANT,ACTIVITE,NATURE_ECONOMIQUE,SOURCE_FINANCEMENT,BAILLEUR,VERSION_COLLECTIF,AJUSTEMENT_AE,AJUSTEMENT_CP,AUDIT_ACTEUR,AUDIT_ACTION,AUDIT_DATE,AUDIT_FONCTIONNALITE) VALUES ('2022_1_3_6','6','1','1','1','2022_1_3',0,0,'christian','MODIFICATION', DATE '2000-1-1','AJUSTEMENT');
INSERT into VA_DEPENSE_DISPONIBLE (IDENTIFIANT,EXERCICE,ACTIVITE,NATURE_ECONOMIQUE,SOURCE_FINANCEMENT,BAILLEUR,AE,CP) VALUES ('2022_1_3_6',2022,'6','1','1','1',0,0);

INSERT INTO TA_COLLECTIF(IDENTIFIANT,CODE,LIBELLE,EXERCICE,AUDIT_ACTEUR,AUDIT_ACTION,AUDIT_DATE,AUDIT_FONCTIONNALITE,EN_COURS,DISPONIBLE_SURVEILLABLE,NUMERO,DATE_) VALUES ('2022_2','2022_2','2022_2','2022','christian','MODIFICATION', DATE '2000-1-1','AJUSTEMENT',1,0,1, DATE '2000-1-1');
INSERT INTO TA_VERSION_COLLECTIF(IDENTIFIANT,CODE,LIBELLE,COLLECTIF,NUMERO,AUDIT_ACTEUR,AUDIT_ACTION,AUDIT_DATE,AUDIT_FONCTIONNALITE) VALUES ('2022_2_1','2022_2_1','2022_2_1','2022_2',1,'christian','CREATION', DATE '2000-1-1','CREATION');
INSERT INTO TA_DEPENSE(IDENTIFIANT,ACTIVITE,NATURE_ECONOMIQUE,SOURCE_FINANCEMENT,BAILLEUR,VERSION_COLLECTIF,AJUSTEMENT_AE,AJUSTEMENT_CP,AUDIT_ACTEUR,AUDIT_ACTION,AUDIT_DATE,AUDIT_FONCTIONNALITE) VALUES ('2022_2_2_1','1','1','1','1','2022_2_1',0,0,'christian','MODIFICATION', DATE '2000-1-1','AJUSTEMENT');
INSERT into VA_DEPENSE_DISPONIBLE (IDENTIFIANT,AE,CP) VALUES ('2022_2_2_1',0,0);

-- Acte de gestion

INSERT INTO VMA_ACTE_GESTION(IDENTIFIANT,CODE,LIBELLE,EXERCICE,MONTANT_AE,MONTANT_CP) VALUES ('1','1','1',2022,0,0);
INSERT INTO VMA_ACTE_GESTION_DEPENSE(IDENTIFIANT,ACTE,EXERCICE,ACTIVITE,NATURE_ECONOMIQUE,SOURCE_FINANCEMENT,BAILLEUR,MONTANT_AE,MONTANT_CP) VALUES ('1_1','1',2022,'1','1','1','1',-15,-15);
INSERT INTO VMA_ACTE_GESTION_DEPENSE(IDENTIFIANT,ACTE,EXERCICE,ACTIVITE,NATURE_ECONOMIQUE,SOURCE_FINANCEMENT,BAILLEUR,MONTANT_AE,MONTANT_CP) VALUES ('1_2','1',2022,'2','1','1','1',15,15);

INSERT INTO VMA_ACTE_GESTION(IDENTIFIANT,CODE,LIBELLE,EXERCICE,MONTANT_AE,MONTANT_CP) VALUES ('2','2','2',2022,0,0);
INSERT INTO TA_ACTE_GESTION_V_COLLECTIF(IDENTIFIANT,ACTE_GESTION,VERSION_COLLECTIF,INCLUS,AUDIT_ACTEUR,AUDIT_ACTION,AUDIT_DATE,AUDIT_FONCTIONNALITE) VALUES ('1','2','2022_1_2',1,'christian','MODIFICATION', DATE '2000-1-1','AJUSTEMENT');
INSERT INTO VMA_ACTE_GESTION_DEPENSE(IDENTIFIANT,ACTE,EXERCICE,ACTIVITE,NATURE_ECONOMIQUE,SOURCE_FINANCEMENT,BAILLEUR,MONTANT_AE,MONTANT_CP) VALUES ('2_1','2',2022,'3','1','1','1',-25,-25);
INSERT INTO VMA_ACTE_GESTION_DEPENSE(IDENTIFIANT,ACTE,EXERCICE,ACTIVITE,NATURE_ECONOMIQUE,SOURCE_FINANCEMENT,BAILLEUR,MONTANT_AE,MONTANT_CP) VALUES ('2_2','2',2022,'4','1','1','1',20,20);
INSERT INTO VMA_ACTE_GESTION_DEPENSE(IDENTIFIANT,ACTE,EXERCICE,ACTIVITE,NATURE_ECONOMIQUE,SOURCE_FINANCEMENT,BAILLEUR,MONTANT_AE,MONTANT_CP) VALUES ('2_3','2',2022,'5','1','1','1',5,5);

INSERT INTO VMA_ACTE_GESTION(IDENTIFIANT,CODE,LIBELLE,EXERCICE,MONTANT_AE,MONTANT_CP) VALUES ('3','3','3',2022,0,0);
INSERT INTO TA_ACTE_GESTION_V_COLLECTIF(IDENTIFIANT,ACTE_GESTION,VERSION_COLLECTIF,INCLUS,AUDIT_ACTEUR,AUDIT_ACTION,AUDIT_DATE,AUDIT_FONCTIONNALITE) VALUES ('2','3','2022_1_2',0,'christian','MODIFICATION', DATE '2000-1-1','AJUSTEMENT');
INSERT INTO VMA_ACTE_GESTION_DEPENSE(IDENTIFIANT,ACTE,EXERCICE,ACTIVITE,NATURE_ECONOMIQUE,SOURCE_FINANCEMENT,BAILLEUR,MONTANT_AE,MONTANT_CP) VALUES ('3_1','3',2022,'3','1','1','1',100,100);
INSERT INTO VMA_ACTE_GESTION_DEPENSE(IDENTIFIANT,ACTE,EXERCICE,ACTIVITE,NATURE_ECONOMIQUE,SOURCE_FINANCEMENT,BAILLEUR,MONTANT_AE,MONTANT_CP) VALUES ('3_2','3',2022,'5','1','1','1',-100,-100);