DROP ALIAS IF EXISTS PA_EXECUTER_PROCEDURE;
CREATE ALIAS PA_IMPORTER_DEPENSE FOR "ci.gouv.dgbf.system.collectif.server.impl.business.BusinessExpenditureImportTest$Procedures.PA_IMPORTER_DEPENSE";

INSERT INTO VMA_EXERCICE(IDENTIFIANT,CODE,LIBELLE,ANNEE) VALUES ('2020','2020','Exercice budgétaire 2020',2020);
INSERT INTO VMA_EXERCICE(IDENTIFIANT,CODE,LIBELLE,ANNEE) VALUES ('2021','2021','Exercice budgétaire 2021',2021);
INSERT INTO VMA_EXERCICE(IDENTIFIANT,CODE,LIBELLE,ANNEE) VALUES ('2022','2022','Exercice budgétaire 2022',2022);

INSERT INTO VMA_DEPENSE (IDENTIFIANT,EXERCICE,ACTIVITE_IDENTIFIANT,NATURE_ECONOMIQUE_IDENTIFIANT,SOURCE_FINANCEMENT_IDENTIFIANT,BAILLEUR_IDENTIFIANT) VALUES ('2021A1NE1SF1B1','2021','A1','NE1','SF1','B1');
INSERT INTO VMA_DEPENSE (IDENTIFIANT,EXERCICE,ACTIVITE_IDENTIFIANT,NATURE_ECONOMIQUE_IDENTIFIANT,SOURCE_FINANCEMENT_IDENTIFIANT,BAILLEUR_IDENTIFIANT) VALUES ('2021A1NE1SF1B2','2021','A1','NE1','SF1','B2');
INSERT INTO VMA_DEPENSE (IDENTIFIANT,EXERCICE,ACTIVITE_IDENTIFIANT,NATURE_ECONOMIQUE_IDENTIFIANT,SOURCE_FINANCEMENT_IDENTIFIANT,BAILLEUR_IDENTIFIANT) VALUES ('2021A1NE1SF1B3','2021','A1','NE1','SF1','B3');

INSERT INTO VMA_DEPENSE (IDENTIFIANT,EXERCICE,ACTIVITE_IDENTIFIANT,NATURE_ECONOMIQUE_IDENTIFIANT,SOURCE_FINANCEMENT_IDENTIFIANT,BAILLEUR_IDENTIFIANT) VALUES ('2022A1NE1SF1B1','2022','A1','NE1','SF1','B1');
INSERT INTO VMA_DEPENSE (IDENTIFIANT,EXERCICE,ACTIVITE_IDENTIFIANT,NATURE_ECONOMIQUE_IDENTIFIANT,SOURCE_FINANCEMENT_IDENTIFIANT,BAILLEUR_IDENTIFIANT) VALUES ('2022A1NE1SF1B2','2022','A1','NE1','SF1','B2');
INSERT INTO VMA_DEPENSE (IDENTIFIANT,EXERCICE,ACTIVITE_IDENTIFIANT,NATURE_ECONOMIQUE_IDENTIFIANT,SOURCE_FINANCEMENT_IDENTIFIANT,BAILLEUR_IDENTIFIANT) VALUES ('2022A1NE1SF1B3','2022','A1','NE1','SF1','B3');
INSERT INTO VMA_DEPENSE (IDENTIFIANT,EXERCICE,ACTIVITE_IDENTIFIANT,NATURE_ECONOMIQUE_IDENTIFIANT,SOURCE_FINANCEMENT_IDENTIFIANT,BAILLEUR_IDENTIFIANT) VALUES ('2022A1NE1SF1B4','2022','A1','NE1','SF1','B4');


INSERT INTO TA_COLLECTIF(IDENTIFIANT,CODE,LIBELLE,EXERCICE,AUDIT_ACTEUR,AUDIT_ACTION,AUDIT_DATE,AUDIT_FONCTIONNALITE,EN_COURS) VALUES ('2021_1','2021_1','2021_1','2021_1','christian','MODIFICATION', DATE '2000-1-1','AJUSTEMENT',1);
INSERT INTO TA_VERSION_COLLECTIF(IDENTIFIANT,CODE,LIBELLE,COLLECTIF,NUMERO,AUDIT_ACTEUR,AUDIT_ACTION,AUDIT_DATE,AUDIT_FONCTIONNALITE) VALUES ('2021_1_1','2021_1_1','2021_1_1','2021_1',1,'christian','CREATION', DATE '2000-1-1','CREATION');
INSERT INTO TA_VERSION_COLLECTIF(IDENTIFIANT,CODE,LIBELLE,COLLECTIF,NUMERO,AUDIT_ACTEUR,AUDIT_ACTION,AUDIT_DATE,AUDIT_FONCTIONNALITE) VALUES ('2021_1_2','2021_1_2','2021_1_2','2021_1',2,'christian','CREATION', DATE '2000-1-1','CREATION');
INSERT INTO TA_VERSION_COLLECTIF(IDENTIFIANT,CODE,LIBELLE,COLLECTIF,NUMERO,AUDIT_ACTEUR,AUDIT_ACTION,AUDIT_DATE,AUDIT_FONCTIONNALITE) VALUES ('2021_1_running','2021_1_running','2021_1_running','2021_1',2,'christian','CREATION', DATE '2000-1-1','CREATION');

INSERT INTO TA_COLLECTIF(IDENTIFIANT,CODE,LIBELLE,EXERCICE,AUDIT_ACTEUR,AUDIT_ACTION,AUDIT_DATE,AUDIT_FONCTIONNALITE,EN_COURS) VALUES ('2022_1','2022_1','2022_1','2022_1','christian','MODIFICATION', DATE '2000-1-1','AJUSTEMENT',1);
INSERT INTO TA_VERSION_COLLECTIF(IDENTIFIANT,CODE,LIBELLE,COLLECTIF,NUMERO,AUDIT_ACTEUR,AUDIT_ACTION,AUDIT_DATE,AUDIT_FONCTIONNALITE) VALUES ('2022_1_1','2022_1_1','2022_1_1','2022_1',1,'christian','CREATION', DATE '2000-1-1','CREATION');

INSERT INTO TA_DEPENSE(IDENTIFIANT,ACTIVITE,NATURE_ECONOMIQUE,SOURCE_FINANCEMENT,BAILLEUR,VERSION_COLLECTIF,AJUSTEMENT_AE,AJUSTEMENT_CP,AUDIT_ACTEUR,AUDIT_ACTION,AUDIT_DATE,AUDIT_FONCTIONNALITE) VALUES ('1','A1','NE1','SF1','B1','2021_1_1',0,0,'christian','MODIFICATION', DATE '2000-1-1','AJUSTEMENT');
INSERT INTO TA_DEPENSE(IDENTIFIANT,ACTIVITE,NATURE_ECONOMIQUE,SOURCE_FINANCEMENT,BAILLEUR,VERSION_COLLECTIF,AJUSTEMENT_AE,AJUSTEMENT_CP,AUDIT_ACTEUR,AUDIT_ACTION,AUDIT_DATE,AUDIT_FONCTIONNALITE) VALUES ('2','A1','NE1','SF1','B2','2021_1_1',0,0,'christian','MODIFICATION', DATE '2000-1-1','AJUSTEMENT');