DROP ALIAS IF EXISTS PA_ACTUALISER_VM;
CREATE ALIAS PA_ACTUALISER_VM FOR "ci.gouv.dgbf.system.collectif.server.impl.ExpenditureTest.PA_ACTUALISER_VM";

INSERT INTO VMA_EXERCICE(IDENTIFIANT,CODE,LIBELLE,ANNEE) VALUES ('2020','2020','Exercice budgétaire 2020',2020);
INSERT INTO VMA_EXERCICE(IDENTIFIANT,CODE,LIBELLE,ANNEE) VALUES ('2021','2021','Exercice budgétaire 2021',2021);
INSERT INTO VMA_EXERCICE(IDENTIFIANT,CODE,LIBELLE,ANNEE) VALUES ('2022','2022','Exercice budgétaire 2022',2022);

INSERT INTO VMA_DEPENSE(IDENTIFIANT,VERSION_COLLECTIF,ACTIVITE_IDENTIFIANT,NATURE_ECONOMIQUE_IDENTIFIANT,SOURCE_FINANCEMENT_IDENTIFIANT,BAILLEUR_IDENTIFIANT) VALUES ('2021_1_1_1','2021_1_1','1','1','1','1');
INSERT INTO VMA_DEPENSE(IDENTIFIANT,VERSION_COLLECTIF) VALUES ('2021_1_1_2','2021_1_1');
INSERT INTO VMA_DEPENSE(IDENTIFIANT,VERSION_COLLECTIF) VALUES ('2021_1_1_3','2021_1_1');
INSERT INTO VMA_DEPENSE(IDENTIFIANT,VERSION_COLLECTIF) VALUES ('2021_1_1_4','2021_1_1');
INSERT INTO VMA_DEPENSE(IDENTIFIANT,VERSION_COLLECTIF) VALUES ('2021_1_1_5','2021_1_1');

INSERT INTO VMA_DEPENSE(IDENTIFIANT,VERSION_COLLECTIF,ACTIVITE_IDENTIFIANT,NATURE_ECONOMIQUE_IDENTIFIANT,SOURCE_FINANCEMENT_IDENTIFIANT,BAILLEUR_IDENTIFIANT) VALUES ('2021_1_2_1','2021_1_2','1','1','1','1');
INSERT INTO VMA_DEPENSE(IDENTIFIANT,VERSION_COLLECTIF,ACTIVITE_IDENTIFIANT,NATURE_ECONOMIQUE_IDENTIFIANT,SOURCE_FINANCEMENT_IDENTIFIANT,BAILLEUR_IDENTIFIANT) VALUES ('2021_1_2_2','2021_1_2','2','1','1','1');
INSERT INTO VMA_DEPENSE(IDENTIFIANT,VERSION_COLLECTIF,ACTIVITE_IDENTIFIANT,NATURE_ECONOMIQUE_IDENTIFIANT,SOURCE_FINANCEMENT_IDENTIFIANT,BAILLEUR_IDENTIFIANT) VALUES ('2021_1_2_3','2021_1_2','3','1','1','1');
INSERT INTO VMA_DEPENSE(IDENTIFIANT,VERSION_COLLECTIF,ACTIVITE_IDENTIFIANT,NATURE_ECONOMIQUE_IDENTIFIANT,SOURCE_FINANCEMENT_IDENTIFIANT,BAILLEUR_IDENTIFIANT) VALUES ('2021_1_2_4','2021_1_2','4','1','1','1');
INSERT INTO VMA_DEPENSE(IDENTIFIANT,VERSION_COLLECTIF,ACTIVITE_IDENTIFIANT,NATURE_ECONOMIQUE_IDENTIFIANT,SOURCE_FINANCEMENT_IDENTIFIANT,BAILLEUR_IDENTIFIANT) VALUES ('2021_1_2_5','2021_1_2','5','1','1','1');

INSERT INTO VA_DEPENSE_IMPORTEE(IDENTIFIANT,VERSION_COLLECTIF) VALUES ('2021_1_1_1','2021_1_1');
INSERT INTO VA_DEPENSE_IMPORTEE(IDENTIFIANT,VERSION_COLLECTIF) VALUES ('2021_1_1_2','2021_1_1');
INSERT INTO VA_DEPENSE_IMPORTEE(IDENTIFIANT,VERSION_COLLECTIF) VALUES ('2021_1_1_3','2021_1_1');
INSERT INTO VA_DEPENSE_IMPORTEE(IDENTIFIANT,VERSION_COLLECTIF) VALUES ('2021_1_1_4','2021_1_1');
INSERT INTO VA_DEPENSE_IMPORTEE(IDENTIFIANT,VERSION_COLLECTIF) VALUES ('2021_1_1_5','2021_1_1');

INSERT INTO VA_DEPENSE_IMPORTABLE(IDENTIFIANT,VERSION_COLLECTIF,ACTIVITE_IDENTIFIANT,NATURE_ECONOMIQUE_IDENTIFIANT,SOURCE_FINANCEMENT_IDENTIFIANT,BAILLEUR_IDENTIFIANT) VALUES ('2021_1_2_1','2021_1_2','1','1','1','1');
INSERT INTO VA_DEPENSE_IMPORTABLE(IDENTIFIANT,VERSION_COLLECTIF,ACTIVITE_IDENTIFIANT,NATURE_ECONOMIQUE_IDENTIFIANT,SOURCE_FINANCEMENT_IDENTIFIANT,BAILLEUR_IDENTIFIANT) VALUES ('2021_1_2_2','2021_1_2','2','1','1','1');
INSERT INTO VA_DEPENSE_IMPORTABLE(IDENTIFIANT,VERSION_COLLECTIF,ACTIVITE_IDENTIFIANT,NATURE_ECONOMIQUE_IDENTIFIANT,SOURCE_FINANCEMENT_IDENTIFIANT,BAILLEUR_IDENTIFIANT) VALUES ('2021_1_2_3','2021_1_2','3','1','1','1');
INSERT INTO VA_DEPENSE_IMPORTABLE(IDENTIFIANT,VERSION_COLLECTIF,ACTIVITE_IDENTIFIANT,NATURE_ECONOMIQUE_IDENTIFIANT,SOURCE_FINANCEMENT_IDENTIFIANT,BAILLEUR_IDENTIFIANT) VALUES ('2021_1_2_4','2021_1_2','4','1','1','1');
INSERT INTO VA_DEPENSE_IMPORTABLE(IDENTIFIANT,VERSION_COLLECTIF,ACTIVITE_IDENTIFIANT,NATURE_ECONOMIQUE_IDENTIFIANT,SOURCE_FINANCEMENT_IDENTIFIANT,BAILLEUR_IDENTIFIANT) VALUES ('2021_1_2_5','2021_1_2','5','1','1','1');

INSERT INTO TA_COLLECTIF(IDENTIFIANT,CODE,LIBELLE,EXERCICE,AUDIT_ACTEUR,AUDIT_ACTION,AUDIT_DATE,AUDIT_FONCTIONNALITE,EN_COURS) VALUES ('2021_1','2021_1','2021_1','2021_1','christian','MODIFICATION', DATE '2000-1-1','AJUSTEMENT',1);
INSERT INTO TA_VERSION_COLLECTIF(IDENTIFIANT,CODE,LIBELLE,COLLECTIF,NUMERO,AUDIT_ACTEUR,AUDIT_ACTION,AUDIT_DATE,AUDIT_FONCTIONNALITE) VALUES ('2021_1_1','2021_1_1','2021_1_1','2021_1',1,'christian','CREATION', DATE '2000-1-1','CREATION');
INSERT INTO TA_VERSION_COLLECTIF(IDENTIFIANT,CODE,LIBELLE,COLLECTIF,NUMERO,AUDIT_ACTEUR,AUDIT_ACTION,AUDIT_DATE,AUDIT_FONCTIONNALITE) VALUES ('2021_1_2','2021_1_2','2021_1_2','2021_1',2,'christian','CREATION', DATE '2000-1-1','CREATION');
INSERT INTO TA_VERSION_COLLECTIF(IDENTIFIANT,CODE,LIBELLE,COLLECTIF,NUMERO,AUDIT_ACTEUR,AUDIT_ACTION,AUDIT_DATE,AUDIT_FONCTIONNALITE) VALUES ('2021_1_running','2021_1_running','2021_1_running','2021_1',2,'christian','CREATION', DATE '2000-1-1','CREATION');

INSERT INTO TA_COLLECTIF(IDENTIFIANT,CODE,LIBELLE,EXERCICE,AUDIT_ACTEUR,AUDIT_ACTION,AUDIT_DATE,AUDIT_FONCTIONNALITE,EN_COURS) VALUES ('2022_1','2022_1','2022_1','2022_1','christian','MODIFICATION', DATE '2000-1-1','AJUSTEMENT',1);
INSERT INTO TA_VERSION_COLLECTIF(IDENTIFIANT,CODE,LIBELLE,COLLECTIF,NUMERO,AUDIT_ACTEUR,AUDIT_ACTION,AUDIT_DATE,AUDIT_FONCTIONNALITE) VALUES ('2022_1_1','2022_1_1','2022_1_1','2022_1',1,'christian','CREATION', DATE '2000-1-1','CREATION');
