INSERT INTO VMA_EXERCICE(IDENTIFIANT,CODE,LIBELLE,ANNEE) VALUES ('2020','2020','Exercice budgétaire 2020',2020);
INSERT INTO VMA_EXERCICE(IDENTIFIANT,CODE,LIBELLE,ANNEE) VALUES ('2021','2021','Exercice budgétaire 2021',2021);
INSERT INTO VMA_EXERCICE(IDENTIFIANT,CODE,LIBELLE,ANNEE) VALUES ('2022','2022','Exercice budgétaire 2022',2022);

INSERT INTO VMA_CATEGORIE_BUDGET(IDENTIFIANT,CODE,LIBELLE) VALUES ('1','1','1');
INSERT INTO VMA_CATEGORIE_BUDGET(IDENTIFIANT,CODE,LIBELLE) VALUES ('2','2','2');
INSERT INTO VMA_CATEGORIE_BUDGET(IDENTIFIANT,CODE,LIBELLE) VALUES ('3','3','3');
INSERT INTO VMA_CATEGORIE_BUDGET(IDENTIFIANT,CODE,LIBELLE) VALUES ('4','4','4');
INSERT INTO VMA_CATEGORIE_BUDGET(IDENTIFIANT,CODE,LIBELLE) VALUES ('5','5','5');

INSERT INTO TA_COLLECTIF(IDENTIFIANT,CODE,LIBELLE,EXERCICE,AUDIT_IDENTIFIANT,AUDIT_ACTEUR,AUDIT_ACTION,AUDIT_DATE,AUDIT_FONCTIONNALITE,EN_COURS,NUMERO,DATE_) VALUES ('2022_1','2022_1','2022_1','2021','1','a','f', DATE '2000-1-1','a',1,1, DATE '2000-1-1');
INSERT INTO TA_VERSION_COLLECTIF(IDENTIFIANT,CODE,LIBELLE,COLLECTIF,NUMERO,AUDIT_IDENTIFIANT,AUDIT_ACTEUR,AUDIT_ACTION,AUDIT_DATE,AUDIT_FONCTIONNALITE,AJUSTABLE) VALUES ('2022_1_1','2022_1_1','2022_1_1','2022_1',1,'1','a','f', DATE '2000-1-1','a',1);
INSERT INTO TA_VERSION_COLLECTIF(IDENTIFIANT,CODE,LIBELLE,COLLECTIF,NUMERO,AUDIT_IDENTIFIANT,AUDIT_ACTEUR,AUDIT_ACTION,AUDIT_DATE,AUDIT_FONCTIONNALITE,AJUSTABLE) VALUES ('2022_1_2','2022_1_2','2022_1_2','2022_1',2,'1','a','f', DATE '2000-1-1','a',1);
INSERT INTO TA_VERSION_COLLECTIF(IDENTIFIANT,CODE,LIBELLE,COLLECTIF,NUMERO,AUDIT_IDENTIFIANT,AUDIT_ACTEUR,AUDIT_ACTION,AUDIT_DATE,AUDIT_FONCTIONNALITE,AJUSTABLE) VALUES ('2022_1_3','2022_1_3','2022_1_3','2022_1',3,'1','a','f', DATE '2000-1-1','a',1);
INSERT INTO TA_VERSION_COLLECTIF(IDENTIFIANT,CODE,LIBELLE,COLLECTIF,NUMERO,AUDIT_IDENTIFIANT,AUDIT_ACTEUR,AUDIT_ACTION,AUDIT_DATE,AUDIT_FONCTIONNALITE,AJUSTABLE) VALUES ('2022_1_4','2022_1_4','2022_1_4','2022_1',4,'1','a','f', DATE '2000-1-1','a',1);
INSERT INTO TA_VERSION_COLLECTIF(IDENTIFIANT,CODE,LIBELLE,COLLECTIF,NUMERO,AUDIT_IDENTIFIANT,AUDIT_ACTEUR,AUDIT_ACTION,AUDIT_DATE,AUDIT_FONCTIONNALITE,AJUSTABLE) VALUES ('2022_1_5','2022_1_5','2022_1_5','2022_1',5,'1','a','f', DATE '2000-1-1','a',1);

INSERT INTO TA_DEPENSE(IDENTIFIANT,ACTIVITE,NATURE_ECONOMIQUE,SOURCE_FINANCEMENT,BAILLEUR,VERSION_COLLECTIF,AJUSTEMENT_AE,AJUSTEMENT_CP,AUDIT_IDENTIFIANT,AUDIT_ACTEUR,AUDIT_ACTION,AUDIT_DATE,AUDIT_FONCTIONNALITE)
	VALUES ('2022_1_2_1','1','1','1','1','2022_1_2',0,0,'a','a','a', DATE '2000-1-1','f');
INSERT INTO TA_DEPENSE(IDENTIFIANT,ACTIVITE,NATURE_ECONOMIQUE,SOURCE_FINANCEMENT,BAILLEUR,VERSION_COLLECTIF,AJUSTEMENT_AE,AJUSTEMENT_CP,AUDIT_IDENTIFIANT,AUDIT_ACTEUR,AUDIT_ACTION,AUDIT_DATE,AUDIT_FONCTIONNALITE)
	VALUES ('2022_1_2_2','1','1','1','2','2022_1_2',0,0,'a','a','a', DATE '2000-1-1','f');

INSERT INTO TA_DEPENSE(IDENTIFIANT,ACTIVITE,NATURE_ECONOMIQUE,SOURCE_FINANCEMENT,BAILLEUR,VERSION_COLLECTIF,AJUSTEMENT_AE,AJUSTEMENT_CP,AUDIT_IDENTIFIANT,AUDIT_ACTEUR,AUDIT_ACTION,AUDIT_DATE,AUDIT_FONCTIONNALITE)
	VALUES ('2022_1_3_1','1','1','1','1','2022_1_3',0,0,'a','a','a', DATE '2000-1-1','f');
INSERT INTO TA_DEPENSE(IDENTIFIANT,ACTIVITE,NATURE_ECONOMIQUE,SOURCE_FINANCEMENT,BAILLEUR,VERSION_COLLECTIF,AJUSTEMENT_AE,AJUSTEMENT_CP,AUDIT_IDENTIFIANT,AUDIT_ACTEUR,AUDIT_ACTION,AUDIT_DATE,AUDIT_FONCTIONNALITE)
	VALUES ('2022_1_3_2','1','1','1','2','2022_1_3',0,0,'a','a','a', DATE '2000-1-1','f');
INSERT INTO TA_DEPENSE(IDENTIFIANT,ACTIVITE,NATURE_ECONOMIQUE,SOURCE_FINANCEMENT,BAILLEUR,VERSION_COLLECTIF,AJUSTEMENT_AE,AJUSTEMENT_CP,AUDIT_IDENTIFIANT,AUDIT_ACTEUR,AUDIT_ACTION,AUDIT_DATE,AUDIT_FONCTIONNALITE)
	VALUES ('2022_1_3_3','1','1','1','3','2022_1_3',0,0,'a','a','a', DATE '2000-1-1','f');

INSERT INTO TA_DEPENSE(IDENTIFIANT,ACTIVITE,NATURE_ECONOMIQUE,SOURCE_FINANCEMENT,BAILLEUR,VERSION_COLLECTIF,AJUSTEMENT_AE,AJUSTEMENT_CP,AUDIT_IDENTIFIANT,AUDIT_ACTEUR,AUDIT_ACTION,AUDIT_DATE,AUDIT_FONCTIONNALITE)
	VALUES ('2022_1_4_1','1','1','1','1','2022_1_4',0,0,'a','a','a', DATE '2000-1-1','f');
INSERT INTO TA_DEPENSE(IDENTIFIANT,ACTIVITE,NATURE_ECONOMIQUE,SOURCE_FINANCEMENT,BAILLEUR,VERSION_COLLECTIF,AJUSTEMENT_AE,AJUSTEMENT_CP,AUDIT_IDENTIFIANT,AUDIT_ACTEUR,AUDIT_ACTION,AUDIT_DATE,AUDIT_FONCTIONNALITE)
	VALUES ('2022_1_4_2','1','1','1','2','2022_1_4',0,0,'a','a','a', DATE '2000-1-1','f');
INSERT INTO TA_DEPENSE(IDENTIFIANT,ACTIVITE,NATURE_ECONOMIQUE,SOURCE_FINANCEMENT,BAILLEUR,VERSION_COLLECTIF,AJUSTEMENT_AE,AJUSTEMENT_CP,AUDIT_IDENTIFIANT,AUDIT_ACTEUR,AUDIT_ACTION,AUDIT_DATE,AUDIT_FONCTIONNALITE)
	VALUES ('2022_1_4_3','1','1','1','3','2022_1_4',0,0,'a','a','a', DATE '2000-1-1','f');
INSERT INTO TA_DEPENSE(IDENTIFIANT,ACTIVITE,NATURE_ECONOMIQUE,SOURCE_FINANCEMENT,BAILLEUR,VERSION_COLLECTIF,AJUSTEMENT_AE,AJUSTEMENT_CP,AUDIT_IDENTIFIANT,AUDIT_ACTEUR,AUDIT_ACTION,AUDIT_DATE,AUDIT_FONCTIONNALITE)
	VALUES ('2022_1_4_4','1','1','1','4','2022_1_4',0,0,'a','a','a', DATE '2000-1-1','f');
INSERT INTO TA_DEPENSE(IDENTIFIANT,ACTIVITE,NATURE_ECONOMIQUE,SOURCE_FINANCEMENT,BAILLEUR,VERSION_COLLECTIF,AJUSTEMENT_AE,AJUSTEMENT_CP,AUDIT_IDENTIFIANT,AUDIT_ACTEUR,AUDIT_ACTION,AUDIT_DATE,AUDIT_FONCTIONNALITE)
	VALUES ('2022_1_4_5','1','1','1','5','2022_1_4',0,0,'a','a','a', DATE '2000-1-1','f');

INSERT INTO TA_DEPENSE(IDENTIFIANT,ACTIVITE,NATURE_ECONOMIQUE,SOURCE_FINANCEMENT,BAILLEUR,VERSION_COLLECTIF,AJUSTEMENT_AE,AJUSTEMENT_CP,AUDIT_IDENTIFIANT,AUDIT_ACTEUR,AUDIT_ACTION,AUDIT_DATE,AUDIT_FONCTIONNALITE)
	VALUES ('2022_1_5_1','1','1','1','1','2022_1_5',0,0,'a','a','a', DATE '2000-1-1','f');
INSERT INTO TA_DEPENSE(IDENTIFIANT,ACTIVITE,NATURE_ECONOMIQUE,SOURCE_FINANCEMENT,BAILLEUR,VERSION_COLLECTIF,AJUSTEMENT_AE,AJUSTEMENT_CP,AUDIT_IDENTIFIANT,AUDIT_ACTEUR,AUDIT_ACTION,AUDIT_DATE,AUDIT_FONCTIONNALITE)
	VALUES ('2022_1_5_2','1','1','1','2','2022_1_5',0,0,'a','a','a', DATE '2000-1-1','f');
INSERT INTO TA_DEPENSE(IDENTIFIANT,ACTIVITE,NATURE_ECONOMIQUE,SOURCE_FINANCEMENT,BAILLEUR,VERSION_COLLECTIF,AJUSTEMENT_AE,AJUSTEMENT_CP,AUDIT_IDENTIFIANT,AUDIT_ACTEUR,AUDIT_ACTION,AUDIT_DATE,AUDIT_FONCTIONNALITE)
	VALUES ('2022_1_5_3','1','1','1','3','2022_1_5',0,0,'a','a','a', DATE '2000-1-1','f');
INSERT INTO TA_DEPENSE(IDENTIFIANT,ACTIVITE,NATURE_ECONOMIQUE,SOURCE_FINANCEMENT,BAILLEUR,VERSION_COLLECTIF,AJUSTEMENT_AE,AJUSTEMENT_CP,AUDIT_IDENTIFIANT,AUDIT_ACTEUR,AUDIT_ACTION,AUDIT_DATE,AUDIT_FONCTIONNALITE)
	VALUES ('2022_1_5_4','1','1','1','4','2022_1_5',0,0,'a','a','a', DATE '2000-1-1','f');
INSERT INTO TA_DEPENSE(IDENTIFIANT,ACTIVITE,NATURE_ECONOMIQUE,SOURCE_FINANCEMENT,BAILLEUR,VERSION_COLLECTIF,AJUSTEMENT_AE,AJUSTEMENT_CP,AUDIT_IDENTIFIANT,AUDIT_ACTEUR,AUDIT_ACTION,AUDIT_DATE,AUDIT_FONCTIONNALITE)
	VALUES ('2022_1_5_5','1','1','1','5','2022_1_5',0,0,'a','a','a', DATE '2000-1-1','f');

INSERT INTO VMA_DEPENSE(IDENTIFIANT,CATEGORIE_BUDGET_IDENTIFIANT) VALUES ('2022_1_2_1','1');
INSERT INTO VMA_DEPENSE(IDENTIFIANT,CATEGORIE_BUDGET_IDENTIFIANT) VALUES ('2022_1_2_2','2');

INSERT INTO VMA_DEPENSE(IDENTIFIANT,CATEGORIE_BUDGET_IDENTIFIANT) VALUES ('2022_1_3_1','3');
INSERT INTO VMA_DEPENSE(IDENTIFIANT,CATEGORIE_BUDGET_IDENTIFIANT) VALUES ('2022_1_3_2','4');
INSERT INTO VMA_DEPENSE(IDENTIFIANT,CATEGORIE_BUDGET_IDENTIFIANT) VALUES ('2022_1_3_3','5');

INSERT INTO VMA_DEPENSE(IDENTIFIANT,CATEGORIE_BUDGET_IDENTIFIANT) VALUES ('2022_1_4_1','1');
INSERT INTO VMA_DEPENSE(IDENTIFIANT,CATEGORIE_BUDGET_IDENTIFIANT) VALUES ('2022_1_4_2','2');
INSERT INTO VMA_DEPENSE(IDENTIFIANT,CATEGORIE_BUDGET_IDENTIFIANT) VALUES ('2022_1_4_3','3');
INSERT INTO VMA_DEPENSE(IDENTIFIANT,CATEGORIE_BUDGET_IDENTIFIANT) VALUES ('2022_1_4_4','4');
INSERT INTO VMA_DEPENSE(IDENTIFIANT,CATEGORIE_BUDGET_IDENTIFIANT) VALUES ('2022_1_4_5','5');

INSERT INTO VMA_DEPENSE(IDENTIFIANT,CATEGORIE_BUDGET_IDENTIFIANT) VALUES ('2022_1_5_1','1');
INSERT INTO VMA_DEPENSE(IDENTIFIANT,CATEGORIE_BUDGET_IDENTIFIANT) VALUES ('2022_1_5_2','2');
INSERT INTO VMA_DEPENSE(IDENTIFIANT,CATEGORIE_BUDGET_IDENTIFIANT) VALUES ('2022_1_5_3','1');
INSERT INTO VMA_DEPENSE(IDENTIFIANT,CATEGORIE_BUDGET_IDENTIFIANT) VALUES ('2022_1_5_4','4');
INSERT INTO VMA_DEPENSE(IDENTIFIANT,CATEGORIE_BUDGET_IDENTIFIANT) VALUES ('2022_1_5_5','4');